{
  "version": "1",
  "cognitoConfig": {
    "identityPoolName": "takeeat2c95962e_identitypool_2c95962e",
    "allowUnauthenticatedIdentities": false,
    "resourceNameTruncated": "takeea2c95962e",
    "userPoolName": "takeeat2c95962e_userpool_2c95962e",
    "autoVerifiedAttributes": [
      "email"
    ],
    "mfaConfiguration": "OFF",
    "mfaTypes": [
      "SMS Text Message"
    ],
    "smsAuthenticationMessage": "Your authentication code is {####}",
    "smsVerificationMessage": "Your verification code is {####}",
    "emailVerificationSubject": "Your verification code",
    "emailVerificationMessage": "Your verification code is {####}",
    "defaultPasswordPolicy": false,
    "passwordPolicyMinLength": 8,
    "passwordPolicyCharacters": [],
    "requiredAttributes": [
      "email"
    ],
    "aliasAttributes": [],
    "userpoolClientGenerateSecret": false,
    "userpoolClientRefreshTokenValidity": 30,
    "userpoolClientWriteAttributes": [
      "email"
    ],
    "userpoolClientReadAttributes": [
      "email"
    ],
    "userpoolClientLambdaRole": "takeea2c95962e_userpoolclient_lambda_role",
    "userpoolClientSetAttributes": false,
    "sharedId": "2c95962e",
    "resourceName": "takeeat2c95962e",
    "authSelections": "identityPoolAndUserPool",
    "useDefault": "default",
    "usernameAttributes": [
      "email"
    ],
    "userPoolGroupList": [],
    "serviceName": "Cognito",
    "useEnabledMfas": false
  }
}