{
    "UserAgent": "aws-amplify-cli/0.1.0",
    "Version": "0.1.0",
    "IdentityManager": {
        "Default": {}
    },
    "CredentialsProvider": {
        "CognitoIdentity": {
            "Default": {
                "PoolId": "ap-northeast-2:869457e1-efa9-46af-8ea8-346c58bb9b49",
                "Region": "ap-northeast-2"
            }
        }
    },
    "CognitoUserPool": {
        "Default": {
            "PoolId": "ap-northeast-2_c70UnDj7T",
            "AppClientId": "2cmmpgqj8bgcoic077drh7kuep",
            "Region": "ap-northeast-2"
        }
    },
    "Auth": {
        "Default": {
            "authenticationFlowType": "USER_SRP_AUTH",
            "socialProviders": [],
            "usernameAttributes": [
                "EMAIL"
            ],
            "signupAttributes": [
                "EMAIL"
            ],
            "passwordProtectionSettings": {
                "passwordPolicyMinLength": 8,
                "passwordPolicyCharacters": []
            },
            "mfaConfiguration": "OFF",
            "mfaTypes": [
                "SMS"
            ],
            "verificationMechanisms": [
                "EMAIL"
            ]
        }
    }
}